{
  "variant": "anchor",
  "num_params": 1469282,
  "trainable_params": 1469282,
  "loss_curve": [
    2.3401381969451904,
    2.1353652477264404,
    1.8495676517486572,
    1.7652498483657837,
    1.3626220226287842,
    1.4399675130844116,
    1.3029018640518188,
    1.2446930408477783,
    1.182805061340332,
    1.1098394393920898,
    1.1136069297790527,
    1.0882982015609741,
    1.0894887447357178,
    1.0745693445205688,
    1.0512056350708008,
    1.0528509616851807,
    1.0554839372634888,
    1.0396971702575684,
    1.0337220430374146,
    1.0293365716934204,
    1.032468318939209,
    1.0505636930465698,
    1.031137466430664,
    1.0150460004806519,
    1.017065405845642,
    1.017184853553772,
    1.0083425045013428,
    1.0171703100204468,
    1.016935110092163,
    1.0114121437072754,
    1.0025105476379395,
    0.996773898601532,
    1.0049556493759155,
    1.0201740264892578,
    1.0101304054260254,
    0.9993442296981812,
    0.9867189526557922,
    1.0045198202133179,
    1.00222909450531,
    0.9868005514144897,
    1.0009164810180664,
    1.0095932483673096,
    0.9906800985336304,
    0.9960689544677734,
    0.9980084896087646,
    0.9923697113990784,
    1.0032429695129395,
    0.9885348677635193,
    0.986164391040802,
    0.9881793260574341,
    1.0011508464813232,
    0.9938375949859619,
    0.9876519441604614,
    0.996770441532135,
    0.9829195737838745,
    1.0011862516403198,
    0.9730888605117798,
    0.9922484755516052,
    0.9829230308532715,
    1.0029017925262451,
    0.975239634513855,
    0.9879449605941772,
    0.9871534109115601,
    0.9774848818778992,
    0.9828916788101196,
    0.9809102416038513,
    0.9801754355430603,
    0.9618176221847534,
    0.9799232482910156,
    0.9902427792549133,
    0.975197970867157,
    0.9812529683113098,
    0.9712450504302979,
    0.9799305200576782,
    0.9636504054069519,
    0.9953616857528687,
    0.9800515174865723,
    0.9680494070053101,
    0.9937126040458679,
    0.9803640842437744,
    0.9881231784820557,
    0.957314133644104,
    0.9678441882133484,
    0.9939244389533997,
    0.9435641169548035,
    0.9473041892051697,
    0.9853165745735168,
    0.9824504852294922,
    0.9686135649681091,
    0.9641885757446289,
    0.9712157249450684,
    0.9695298075675964,
    0.9748820662498474,
    0.9933741092681885,
    0.9656767845153809,
    0.992158055305481,
    0.9531806111335754,
    0.9486059546470642,
    0.9906111359596252,
    0.9523681402206421,
    0.9459080100059509,
    0.9755626320838928,
    0.9962502717971802,
    0.9586350321769714,
    0.9652312994003296,
    0.9683992862701416,
    0.9489730596542358,
    0.9509173631668091,
    0.9799807071685791,
    0.9624789953231812,
    0.9559956192970276,
    0.9331413507461548,
    0.9784084558486938,
    0.954875111579895,
    0.9201775789260864,
    0.9766560792922974,
    0.9286612272262573,
    0.9532281756401062,
    0.9106237888336182,
    0.9075599908828735,
    0.9593819379806519,
    0.9392111301422119,
    0.9747809767723083,
    0.9342204928398132,
    0.9312744140625,
    0.9510635733604431,
    0.9141106009483337,
    0.9264774322509766,
    0.8689445853233337,
    0.8678894639015198,
    0.9482625722885132,
    0.9465782642364502,
    0.8761988878250122,
    0.9774143695831299,
    0.8628296256065369,
    0.9354915022850037,
    0.9581038951873779,
    0.9498980641365051,
    0.8157409429550171,
    0.8616833686828613,
    0.9295632243156433,
    0.938400149345398,
    1.0082772970199585,
    0.7708391547203064,
    0.850243866443634,
    0.8409408926963806,
    0.9442316889762878,
    0.9908499717712402,
    0.9384455680847168,
    0.828528642654419,
    0.9905732870101929,
    0.8028652667999268,
    0.8640497922897339,
    0.9156523942947388,
    0.9778527021408081,
    0.7670058608055115,
    0.8271238803863525,
    0.9288492798805237,
    0.7520982623100281,
    0.9144272208213806,
    0.7887532114982605,
    0.8538570404052734,
    0.8468559980392456,
    0.8845769762992859,
    0.7001966238021851,
    0.7159003019332886,
    0.9009686708450317,
    1.0169670581817627,
    0.8257161378860474,
    0.945763111114502,
    0.8552371859550476,
    0.6808230876922607,
    0.9096676707267761,
    0.8646643757820129,
    0.9913312196731567,
    0.755264401435852,
    1.0138907432556152,
    0.7878373861312866,
    0.7758243083953857,
    0.8306013941764832,
    0.740617036819458,
    1.0326519012451172,
    0.873236894607544,
    0.7291903495788574,
    0.8206399083137512,
    0.7163009643554688,
    0.8455460071563721,
    0.8798845410346985,
    0.6445282101631165,
    0.7290381193161011,
    0.771121084690094,
    0.7325754165649414,
    0.6090338826179504,
    0.8335893154144287,
    0.6334177851676941,
    0.6351791024208069,
    0.6420801281929016,
    0.8025378584861755,
    0.7986346483230591,
    0.7073290944099426,
    0.8016180992126465,
    0.5463730096817017,
    0.9677855968475342,
    0.6586965918540955,
    1.038656234741211,
    0.5711166858673096,
    0.7578603625297546,
    0.7749175429344177,
    0.6770363450050354,
    0.8526824116706848,
    0.6783014535903931,
    0.7120010256767273,
    0.7350279688835144,
    0.8257549405097961,
    0.6653239130973816,
    0.6973502039909363,
    0.8181735873222351,
    0.8035839796066284,
    0.7904447317123413,
    0.725119948387146,
    0.8090168237686157,
    0.5846602320671082,
    0.5739064812660217,
    0.5756919980049133,
    0.8345571160316467,
    0.5249288082122803,
    0.7216253876686096,
    0.7753539681434631,
    0.7904689908027649,
    0.7588843107223511,
    0.6470730304718018,
    0.5896202325820923,
    0.5167153477668762,
    0.781601071357727,
    0.5933318138122559,
    0.8309141993522644,
    0.6220492124557495,
    0.6740490794181824,
    0.8223388195037842,
    0.7390499114990234,
    0.7858316898345947,
    0.5957078337669373,
    0.5216150879859924,
    0.5126826763153076,
    0.5559737086296082,
    0.6249966621398926,
    0.5322525501251221,
    0.6678906679153442,
    0.7130452990531921,
    0.4758138954639435,
    0.5632599592208862,
    0.6275675296783447,
    0.6796947121620178,
    0.528199315071106,
    0.6719702482223511,
    0.6629824042320251,
    0.8396039009094238,
    0.6962031126022339,
    0.8206584453582764,
    0.41603440046310425,
    0.4192630350589752,
    0.6634687781333923,
    0.5886330008506775,
    0.43646982312202454,
    0.6897249817848206,
    0.7881088852882385,
    0.5626044273376465,
    0.6935580372810364,
    0.6493065357208252,
    0.39431634545326233,
    0.6197540163993835,
    0.4510722756385803,
    0.8273346424102783,
    0.4414934515953064,
    0.7324205040931702,
    0.7219171524047852,
    0.7156596183776855,
    0.5637973546981812,
    0.792434811592102,
    0.8275920748710632,
    0.6652520298957825,
    0.7609041333198547,
    0.5463521480560303,
    0.7412590980529785,
    0.7801051139831543,
    0.8908629417419434,
    0.4526844620704651,
    0.3783281445503235,
    0.5516170263290405,
    0.6017298102378845,
    0.7029185891151428,
    0.8203590512275696,
    0.48358821868896484,
    0.3533592224121094,
    0.5526415109634399,
    0.36142340302467346,
    0.6655123829841614,
    0.6324684619903564,
    0.42554038763046265,
    0.45146727561950684,
    0.9883415699005127,
    0.685691237449646,
    0.5907899141311646,
    0.5914740562438965,
    0.6633728742599487,
    0.711354672908783,
    0.43724364042282104,
    0.3655216693878174,
    0.7459275126457214,
    0.466004341840744,
    0.8157575726509094,
    0.6184616088867188,
    0.3277512192726135,
    0.45847994089126587,
    0.36098694801330566,
    0.40163010358810425,
    0.726443350315094,
    0.6610798239707947,
    0.6590350866317749,
    0.4941164553165436,
    0.459555447101593,
    0.49286186695098877,
    0.5447644591331482,
    0.38704073429107666,
    0.5815151929855347,
    0.6962738633155823,
    0.3702539801597595,
    0.36523571610450745,
    0.7207242250442505,
    0.3391629457473755,
