{
  "variant": "baseline",
  "num_params": 1303648,
  "trainable_params": 1303648,
  "loss_curve": [
    2.012155294418335,
    2.271291732788086,
    1.9998011589050293,
    1.7039873600006104,
    1.4914227724075317,
    1.429480791091919,
    1.331522822380066,
    1.3071479797363281,
    1.2340940237045288,
    1.2054133415222168,
    1.140254020690918,
    1.0885287523269653,
    1.159225344657898,
    1.1083040237426758,
    1.1062917709350586,
    1.0610754489898682,
    1.0468478202819824,
    1.0592705011367798,
    1.045304775238037,
    1.0712815523147583,
    1.0212384462356567,
    1.0245492458343506,
    1.015076756477356,
    1.0194110870361328,
    1.013961911201477,
    1.0058345794677734,
    1.009572982788086,
    1.0048073530197144,
    1.0114492177963257,
    0.9948986768722534,
    1.0099101066589355,
    1.0133122205734253,
    0.993854284286499,
    0.9841398596763611,
    0.9970147013664246,
    1.0118293762207031,
    0.9921976327896118,
    1.011802315711975,
    1.0011591911315918,
    0.9962400794029236,
    0.9959744215011597,
    0.9921240210533142,
    0.9973766207695007,
    0.9865992069244385,
    0.9969725012779236,
    0.9829316139221191,
    1.000887155532837,
    0.994778573513031,
    0.9783751964569092,
    1.0004514455795288,
    0.9910361766815186,
    0.9960283041000366,
    0.9951822757720947,
    0.9944462180137634,
    0.9986120462417603,
    0.9778966307640076,
    0.9820241928100586,
    0.9748290777206421,
    0.9770996570587158,
    0.9928123950958252,
    0.9962244033813477,
    0.9714370965957642,
    0.989172101020813,
    0.9983550310134888,
    0.9816874861717224,
    0.9751608371734619,
    0.9823453426361084,
    0.9728966355323792,
    0.968136191368103,
    0.9791673421859741,
    0.9968745708465576,
    0.9633346796035767,
    0.9554561972618103,
    0.9873353242874146,
    0.9764568209648132,
    0.9740723371505737,
    0.974324107170105,
    0.9441365003585815,
    0.9822425842285156,
    0.9793355464935303,
    0.9841529130935669,
    0.9772170186042786,
    0.9573140740394592,
    0.9674602150917053,
    0.9609886407852173,
    0.9574927687644958,
    0.960416316986084,
    0.9866206645965576,
    0.9490717053413391,
    0.9428530931472778,
    0.9654752016067505,
    0.971070408821106,
    0.9402539134025574,
    0.9535492062568665,
    0.9676370620727539,
    0.9622505903244019,
    0.9617255926132202,
    0.9266778826713562,
    0.9900531768798828,
    0.9554716348648071,
    0.9333566427230835,
    0.9486590623855591,
    0.9789640307426453,
    0.9489856362342834,
    0.9551756978034973,
    0.9106830954551697,
    0.997884213924408,
    0.9625422954559326,
    0.9780565500259399,
    0.9625895619392395,
    0.9688308238983154,
    0.9330717325210571,
    0.949699342250824,
    0.9525619149208069,
    0.9745466709136963,
    0.919658362865448,
    0.9043837785720825,
    0.9242347478866577,
    0.9397854804992676,
    0.9557733535766602,
    0.8780422210693359,
    0.9494486451148987,
    0.9399461150169373,
    0.9149455428123474,
    0.92103511095047,
    0.9787143468856812,
    0.9399892091751099,
    0.9652631282806396,
    0.9680092334747314,
    0.9247851967811584,
    0.9871519804000854,
    0.9370968341827393,
    0.9099964499473572,
    0.8856298327445984,
    0.9215372204780579,
    0.8920209407806396,
    0.8897527456283569,
    0.8831237554550171,
    0.8873138427734375,
    0.8738502264022827,
    0.9957861304283142,
    0.893226146697998,
    0.8394180536270142,
    0.9062556624412537,
    0.893332839012146,
    0.8281078934669495,
    0.8484317064285278,
    0.8920642733573914,
    0.8273873329162598,
    0.8606070280075073,
    0.7695733904838562,
    0.9105387330055237,
    0.9934192895889282,
    0.926271378993988,
    0.9000753164291382,
    0.9659229516983032,
    0.7386314272880554,
    0.8868187069892883,
    0.8410935401916504,
    0.842814028263092,
    0.7438662052154541,
    0.8901959657669067,
    0.7361322045326233,
    0.9017314910888672,
    0.8608078956604004,
    0.8733614087104797,
    0.7773357629776001,
    0.8212087750434875,
    0.8018532395362854,
    0.81632399559021,
    0.7015734314918518,
    0.7700858116149902,
    0.8703141808509827,
    0.7767584919929504,
    0.7752556800842285,
    0.8502467274665833,
    0.82048499584198,
    0.7560834288597107,
    0.8028148412704468,
    0.83914715051651,
    0.8633803129196167,
    0.7424991130828857,
    0.9153986573219299,
    0.6095345616340637,
    0.8515130877494812,
    0.7039583325386047,
    0.6937170028686523,
    0.6873654723167419,
    0.9519355893135071,
    0.7415024042129517,
    0.7495526075363159,
    0.9355455040931702,
    0.5732436776161194,
    0.6803427338600159,
    0.7826216816902161,
    0.7308616042137146,
    0.7138864994049072,
    0.885441780090332,
    0.6591688990592957,
    0.5518567562103271,
    0.938264787197113,
    0.890373945236206,
    0.8030892014503479,
    0.7289348840713501,
    0.9075031876564026,
    0.6551034450531006,
    0.7183538675308228,
    0.864986777305603,
    0.6625139713287354,
    0.9585960507392883,
    0.5450133681297302,
    0.8762245178222656,
    0.5051770806312561,
    0.9459302425384521,
    0.7826890349388123,
    0.6560104489326477,
    0.6694892644882202,
    0.5693432688713074,
    0.6115123629570007,
    0.68454909324646,
    0.6998587846755981,
    0.8786435723304749,
    0.5886215567588806,
    0.6708484888076782,
    0.7297239303588867,
    0.6967607140541077,
    0.7295881509780884,
    0.7092232704162598,
    0.4545784592628479,
    0.5548880696296692,
    0.6030755043029785,
    0.5488753914833069,
    0.46142494678497314,
    0.5384398698806763,
    0.5268805027008057,
    0.4504814147949219,
    0.5865986943244934,
    0.7122465372085571,
    0.5147212743759155,
    0.8038842082023621,
    0.5391733050346375,
    0.7107107639312744,
    0.5178269743919373,
    0.5182420611381531,
    0.7071995139122009,
    0.5159987211227417,
    0.7943243384361267,
    0.8366501331329346,
    0.5998103618621826,
    0.5682998895645142,
    0.397513210773468,
    0.4606342017650604,
    0.880885124206543,
    0.7134106159210205,
    0.5654178261756897,
    0.9258440136909485,
    0.6863868236541748,
    0.5047457814216614,
    0.37827008962631226,
    0.8239001035690308,
    0.4063679575920105,
    0.7117947936058044,
    0.7245822548866272,
    0.8202807903289795,
    0.45894289016723633,
    0.41495802998542786,
    0.4712297320365906,
    0.5318155288696289,
    0.4474303126335144,
    0.9201148152351379,
    0.8728935718536377,
    0.45177584886550903,
    0.661280632019043,
    0.4977523982524872,
    0.5293144583702087,
    0.4178429841995239,
    0.39471253752708435,
    0.45658963918685913,
    0.7531554102897644,
    0.7008901834487915,
    0.9854414463043213,
    0.629523515701294,
    0.3778670132160187,
    0.4062846302986145,
    0.31937122344970703,
    0.5709768533706665,
    0.38242045044898987,
    0.3682219684123993,
    0.6312107443809509,
    0.4640117287635803,
    0.49235743284225464,
    0.6780910491943359,
    0.5010867118835449,
    0.6931620240211487,
    0.5734082460403442,
    0.555955708026886,
    0.6391146779060364,
    0.2938593924045563,
    0.3807307779788971,
    0.4042503833770752,
    0.36122286319732666,
    0.30641162395477295,
    0.38179031014442444,
    0.632668673992157,
    0.5724608302116394,
    0.6927693486213684,
    0.5489216446876526,
    0.6302633285522461,
    0.3361099064350128,
    0.4196094870567322,
    0.3701871335506439,
    0.3362271785736084,
    0.5692505240440369,
    0.4666675329208374,
    0.4139477610588074,
    0.6472569704055786,
    0.7253206968307495,
    0.7080920338630676,
    0.49231716990470886,
    0.7347120642662048,
    0.46682485938072205,
    0.5611835718154907,
    0.5696760416030884,
    0.6975882053375244,
    0.7971186637878418,
    0.3082703649997711,
    0.6361667513847351,
    0.35754889249801636,
    0.48737746477127075,
    0.3452915549278259,
