{
  "variant": "register",
  "num_params": 1452642,
  "trainable_params": 1452642,
  "loss_curve": [
    2.3514211177825928,
    1.9571853876113892,
    1.6729414463043213,
    1.8131754398345947,
    1.5961500406265259,
    1.6220539808273315,
    1.3722492456436157,
    1.2153979539871216,
    1.3054089546203613,
    1.199442744255066,
    1.1888470649719238,
    1.154919147491455,
    1.1500993967056274,
    1.1128592491149902,
    1.0887376070022583,
    1.0784692764282227,
    1.0431334972381592,
    1.0591886043548584,
    1.0526427030563354,
    1.0379884243011475,
    1.0271432399749756,
    1.0243452787399292,
    1.0302379131317139,
    1.0113261938095093,
    1.0114285945892334,
    1.019315481185913,
    1.0161041021347046,
    1.015596628189087,
    1.0005524158477783,
    1.0047950744628906,
    1.0013937950134277,
    0.9991222620010376,
    0.9952544569969177,
    1.0031623840332031,
    1.0167838335037231,
    0.9899044036865234,
    0.9898768663406372,
    0.9902012348175049,
    1.0203648805618286,
    0.9936866760253906,
    0.9898508191108704,
    0.9910902380943298,
    0.9743414521217346,
    0.9991854429244995,
    0.9920650124549866,
    0.9918423295021057,
    0.9886347055435181,
    0.9893637895584106,
    0.993705153465271,
    0.9917587041854858,
    0.9811221361160278,
    1.0005476474761963,
    0.9703716039657593,
    0.9824428558349609,
    0.9738243222236633,
    0.9906721711158752,
    0.9823265671730042,
    0.9905049800872803,
    0.9875927567481995,
    0.9779419898986816,
    0.9705963134765625,
    0.9685356616973877,
    0.9753977060317993,
    0.9578649401664734,
    0.9528058171272278,
    0.9906513690948486,
    0.9855331778526306,
    0.9587862491607666,
    0.9892200231552124,
    0.9962787628173828,
    0.9677832126617432,
    0.9606155753135681,
    0.9634224772453308,
    0.9575279355049133,
    0.9421853423118591,
    0.9952114820480347,
    0.9492237567901611,
    0.9574245810508728,
    0.9661712050437927,
    0.9843282699584961,
    0.9789501428604126,
    0.9616498947143555,
    0.9516807198524475,
    0.9810850620269775,
    0.9527331590652466,
    0.9460310935974121,
    0.9485690593719482,
    0.9673518538475037,
    0.94281005859375,
    0.9365628957748413,
    0.9688052535057068,
    0.9690250158309937,
    0.9904733300209045,
    0.9402964115142822,
    0.9883631467819214,
    0.9193829894065857,
    0.9722741842269897,
    0.957048773765564,
    0.9081358909606934,
    0.9384082555770874,
    0.9878934621810913,
    0.9566386342048645,
    0.9380068182945251,
    0.9142385125160217,
    0.9632619619369507,
    0.9267075061798096,
    0.9331942200660706,
    0.8735689520835876,
    0.9345584511756897,
    1.0004246234893799,
    0.9101192951202393,
    0.878174364566803,
    0.9707517623901367,
    0.9300845861434937,
    0.9362887144088745,
    0.9715197086334229,
    0.903355062007904,
    0.9592224359512329,
    0.828763484954834,
    0.9286803007125854,
    0.9045622944831848,
    0.838936448097229,
    0.9637322425842285,
    0.9305713176727295,
    0.9508951306343079,
    0.8806617856025696,
    0.8370093107223511,
    0.8842059969902039,
    0.8656426072120667,
    0.8118928670883179,
    0.7621558904647827,
    0.9055207371711731,
    0.836146354675293,
    0.8290231227874756,
    0.9337775707244873,
    0.8538455963134766,
    0.9422957897186279,
    0.8981077075004578,
    0.8221951723098755,
    0.8574575185775757,
    0.7915338277816772,
    0.7606809735298157,
    0.804883599281311,
    0.8637267351150513,
    0.7647570371627808,
    0.7721917629241943,
    0.9594569802284241,
    0.7009773850440979,
    0.9125878214836121,
    0.8733068108558655,
    0.7524517178535461,
    0.8405401110649109,
    0.7728563547134399,
    0.7227986454963684,
    0.8139694929122925,
    0.6454944014549255,
    0.6649544835090637,
    0.7450878024101257,
    0.7786686420440674,
    0.6842801570892334,
    1.0275121927261353,
    0.7277076244354248,
    0.8924111723899841,
    0.8450015783309937,
    0.8819023370742798,
    0.7115903496742249,
    0.8145483732223511,
    0.7091221213340759,
    0.5523503422737122,
    0.7274136543273926,
    0.7021846175193787,
    0.869779109954834,
    0.6850318908691406,
    0.9386610388755798,
    0.8189641237258911,
    0.5722217559814453,
    0.891048789024353,
    0.8310790061950684,
    0.7767037749290466,
    0.6391476988792419,
    0.5356558561325073,
    0.9406500458717346,
    0.6995567679405212,
    0.6380018591880798,
    0.8028229475021362,
    0.7573274374008179,
    0.6335082650184631,
    0.6008931398391724,
    0.7716759443283081,
    0.9650741815567017,
    0.6091079711914062,
    0.8215570449829102,
    0.7504881024360657,
    0.5076493620872498,
    0.8239452838897705,
    0.7256995439529419,
    0.5923798084259033,
    0.7874209880828857,
    0.8202520608901978,
    0.7411471605300903,
    0.5116044282913208,
    0.8739839196205139,
    0.48359057307243347,
    0.5986179113388062,
    0.4849674105644226,
    0.800950288772583,
    0.6057289242744446,
    0.6108747124671936,
    0.7063517570495605,
    0.4971525967121124,
    0.716559886932373,
    0.6123270988464355,
    0.5510960817337036,
    0.7423174381256104,
    0.5362595319747925,
    0.5968456268310547,
    0.689610481262207,
    0.7597330808639526,
    0.7319095134735107,
    0.4833923876285553,
    0.533350944519043,
    0.7591586112976074,
    0.5897130370140076,
    0.7313797473907471,
    0.6941756010055542,
    0.5826014876365662,
    0.7285348773002625,
    0.8529671430587769,
    0.6626313924789429,
    0.46872082352638245,
    0.4686870276927948,
    0.9427536129951477,
    0.683946430683136,
    0.659091055393219,
    0.44716116786003113,
    0.3853003978729248,
    0.6710003614425659,
    0.6638381481170654,
    0.5812905430793762,
    0.5420106053352356,
    0.48174163699150085,
    0.7548061013221741,
    0.7267773151397705,
    0.7623364925384521,
    0.5075199007987976,
    0.6437366604804993,
    0.4626837968826294,
    0.4278692603111267,
    0.525486171245575,
    0.42615795135498047,
    0.6369950175285339,
    0.7633723616600037,
    0.4300239682197571,
    0.7331125736236572,
    0.622929573059082,
    0.6575688123703003,
    0.7104763388633728,
    0.42404890060424805,
    0.7953933477401733,
    0.7629057168960571,
    0.8250038027763367,
    0.5809745788574219,
    0.4172343909740448,
    0.6011844873428345,
    0.5026509761810303,
    0.4011845588684082,
    0.3875551223754883,
    0.6201786994934082,
    0.5913426280021667,
    0.6571886539459229,
    0.3256015181541443,
    0.3782046139240265,
    0.31810298562049866,
    0.31809863448143005,
    0.5309035181999207,
    0.4750581979751587,
    0.4472925364971161,
    0.42572417855262756,
    0.33824610710144043,
    0.399040549993515,
    0.5588362812995911,
    0.49945253133773804,
    0.6126468777656555,
    0.7565601468086243,
    0.3524831235408783,
    0.5064839720726013,
    0.5912255644798279,
    0.5520986318588257,
    0.2851816415786743,
    0.6770113110542297,
    0.3889838755130768,
    0.3695751130580902,
    0.3100678622722626,
    0.7394641637802124,
    0.5385839939117432,
    0.6069190502166748,
    0.6458914279937744,
    0.4434412121772766,
    0.6483166813850403,
    0.6573703289031982,
    0.6182119846343994,
    0.4027876555919647,
    0.49283209443092346,
    0.5994105935096741,
    0.3192879855632782,
    0.662608802318573,
    0.6071903109550476,
    0.3284551501274109,
    0.9847183227539062,
    0.8623842000961304,
    0.6708012223243713,
    0.5920196175575256,
    0.49877747893333435,
    0.9059449434280396,
    0.543240487575531,
    0.7685128450393677,
    0.24611796438694,
    0.27534574270248413,
    0.4664565622806549,
    0.4252930283546448,
    0.2769123911857605,
    0.3042815327644348,
    0.3169989585876465,
    0.700316309928894,
    0.3612533211708069,
    0.2618812024593353,
    0.29141610860824585,
    0.4208136200904846,
    0.25079238414764404,
