{
  "variant": "register",
  "num_params": 1105826,
  "trainable_params": 1105826,
  "loss_curve": [
    2.346719264984131,
    2.127270460128784,
    2.023594856262207,
    2.1328303813934326,
    2.0052502155303955,
    1.9259629249572754,
    1.8085250854492188,
    1.7222731113433838,
    1.7476637363433838,
    1.5534777641296387,
    1.6391923427581787,
    1.4731630086898804,
    1.6228350400924683,
    1.4826582670211792,
    1.6058861017227173,
    1.4654561281204224,
    1.3542706966400146,
    1.3825851678848267,
    1.42734956741333,
    1.3396791219711304,
    1.24481201171875,
    1.2066776752471924,
    1.2775442600250244,
    1.203739047050476,
    1.1566147804260254,
    1.1919151544570923,
    1.1576331853866577,
    1.1509413719177246,
    1.1490728855133057,
    1.1470248699188232,
    1.1544265747070312,
    1.1273833513259888,
    1.1243274211883545,
    1.1313755512237549,
    1.0967456102371216,
    1.1539360284805298,
    1.0861530303955078,
    1.0686562061309814,
    1.06228768825531,
    1.0582802295684814,
    1.0649511814117432,
    1.0423237085342407,
    1.0542211532592773,
    1.0764092206954956,
    1.0792044401168823,
    1.0687494277954102,
    1.0601582527160645,
    1.0525665283203125,
    1.0385832786560059,
    1.0310091972351074,
    1.0436601638793945,
    1.0211055278778076,
    1.0326142311096191,
    1.0373693704605103,
    1.0381289720535278,
    1.0333746671676636,
    1.0544320344924927,
    1.0250365734100342,
    1.0271755456924438,
    1.0274549722671509,
    1.0165175199508667,
    1.0082907676696777,
    1.024672269821167,
    1.0188170671463013,
    1.0281896591186523,
    1.0250054597854614,
    1.0213028192520142,
    1.0135598182678223,
    1.026979684829712,
    1.0214149951934814,
    1.0208457708358765,
    1.0112895965576172,
    1.0233007669448853,
    1.0111833810806274,
    1.0268906354904175,
    1.0194019079208374,
    1.0060081481933594,
    1.0219652652740479,
    1.0089435577392578,
    1.0190269947052002,
    1.012133240699768,
    1.012941598892212,
    1.0072327852249146,
    1.0140712261199951,
    1.0012364387512207,
    1.0064669847488403,
    1.0226975679397583,
    1.0074779987335205,
    0.9956011176109314,
    0.9981535077095032,
    1.0107204914093018,
    1.0071812868118286,
    1.0004591941833496,
    1.0038721561431885,
    1.005753993988037,
    1.0029491186141968,
    0.9973503351211548,
    1.0129796266555786,
    0.9940311908721924,
    1.0073683261871338,
    0.9923861026763916,
    1.0102735757827759,
    0.9940671920776367,
    0.9988793134689331,
    1.0041334629058838,
    0.9998197555541992,
    1.0083457231521606,
    0.9994844198226929,
    1.001238465309143,
    0.9965852499008179,
    0.9893986582756042,
    1.0008058547973633,
    0.999569833278656,
    1.003448724746704,
    0.9930443167686462,
    0.9957522749900818,
    1.003078818321228,
    0.9865255355834961,
    1.008408784866333,
    0.9937883615493774,
    0.9922594428062439,
    0.9898346662521362,
    1.0118967294692993,
    0.9893118143081665,
    1.002646565437317,
    1.008453369140625,
    0.9860193729400635,
    1.006792426109314,
    1.0033818483352661,
    1.0052855014801025,
    0.9944617748260498,
    0.9909729957580566,
    1.0028977394104004,
    0.9947351217269897,
    0.9942250847816467,
    0.989867091178894,
    0.9908297061920166,
    0.9964478015899658,
    1.0059529542922974,
    0.9910123348236084,
    0.9876265525817871,
    0.9895504713058472,
    0.9847933650016785,
    0.9979868531227112,
    0.9961398243904114,
    1.0079517364501953,
    0.9870907068252563,
    1.0123319625854492,
    0.986125111579895,
    0.9836416244506836,
    0.9797382354736328,
    0.9907035827636719,
    0.9954375624656677,
    0.9829251766204834,
    1.0017662048339844,
    0.9872713088989258,
    0.9903168678283691,
    0.9959646463394165,
    0.9884547591209412,
    0.9902321100234985,
    0.9858818054199219,
    0.9929208159446716,
    1.0080888271331787,
    0.9891533851623535,
    0.985989511013031,
    0.9976733922958374,
    1.0041687488555908,
    0.9805096983909607,
    0.9752707481384277,
    0.9816781282424927,
    0.9903641939163208,
    0.9947877526283264,
    1.0009026527404785,
    0.9721753597259521,
    0.9753503799438477,
    0.9865155816078186,
    0.986061692237854,
    0.984490156173706,
    0.9720017313957214,
    0.9947048425674438,
    1.0027812719345093,
    0.9933948516845703,
    1.0043251514434814,
    0.9760874509811401,
    0.9820117354393005,
    0.9675700068473816,
    0.9763352870941162,
    0.9841141700744629,
    0.9978406429290771,
    0.9861468076705933,
    0.9862842559814453,
    0.9980976581573486,
    0.9708194732666016,
    0.9792095422744751,
    0.9896839261054993,
    0.9839732646942139,
    0.9764028191566467,
    0.9869499206542969,
    1.0042400360107422,
    0.9816513657569885
  ],
  "final_loss": 0.9816513657569885,
  "avg_step_time": 0.26297168066840965,
  "tcs_history": [
    {
      "step": 50,
      "src": 0.999992698431015,
      "lrc": 0.999943345785141,
      "tcs": 0.999968022108078
    },
    {
      "step": 100,
      "src": 0.9999954104423523,
      "lrc": 0.9999636709690094,
      "tcs": 0.9999795407056808
    },
    {
      "step": 150,
      "src": 0.9999963939189911,
      "lrc": 0.999972015619278,
      "tcs": 0.9999842047691345
    },
    {
      "step": 200,
      "src": 0.9999971985816956,
      "lrc": 0.9999796152114868,
      "tcs": 0.9999884068965912
    }
  ],
  "final_tcs": {
    "step": 200,
    "src": 0.9999971985816956,
    "lrc": 0.9999796152114868,
    "tcs": 0.9999884068965912
  },
  "offset_magnitude": 6.351961435051635,
  "num_steps": 200
}