{
  "variant": "register",
  "num_params": 1469026,
  "trainable_params": 1469026,
  "loss_curve": [
    2.1058506965637207,
    2.047337055206299,
    1.7357282638549805,
    1.9725139141082764,
    1.7839473485946655,
    1.6139006614685059,
    1.43392813205719,
    1.4441719055175781,
    1.3288604021072388,
    1.2744382619857788,
    1.1307215690612793,
    1.1217217445373535,
    1.1444272994995117,
    1.117272973060608,
    1.2063865661621094,
    1.1300922632217407,
    1.0590702295303345,
    1.0414254665374756,
    1.068970799446106,
    1.032342791557312,
    1.0347645282745361,
    1.0211652517318726,
    1.0136984586715698,
    1.0206079483032227,
    1.0296902656555176,
    1.016628623008728,
    1.0033857822418213,
    1.0215791463851929,
    1.0154097080230713,
    0.9960386753082275,
    1.0038453340530396,
    1.0197840929031372,
    0.992743730545044,
    1.0005885362625122,
    0.993224561214447,
    1.0215680599212646,
    0.9931759238243103,
    0.9863193035125732,
    0.9864701628684998,
    0.999984860420227,
    0.9920245409011841,
    0.9901086091995239,
    0.9728612899780273,
    0.9943362474441528,
    0.9921610355377197,
    0.9974464178085327,
    0.9924972057342529,
    0.9791436791419983,
    0.9842948913574219,
    0.9821642637252808,
    0.9897087216377258,
    0.9948701858520508,
    0.9587533473968506,
    0.9794986844062805,
    0.9710104465484619,
    0.9783658385276794,
    0.9846310615539551,
    0.979747474193573,
    0.9827786684036255,
    0.9780462384223938,
    0.9726293087005615,
    0.951689600944519,
    0.9780896902084351,
    0.9701514840126038,
    0.9799801111221313,
    0.9702356457710266,
    0.9901331663131714,
    0.9910445809364319,
    0.9521536827087402,
    0.9491358995437622,
    0.9618566632270813,
    0.966211199760437,
    0.9660878777503967,
    0.9691206216812134,
    0.9662489295005798,
    0.9971296191215515,
    0.9604538083076477,
    0.947638750076294,
    0.9893637299537659,
    0.9691356420516968,
    0.9548143148422241,
    0.9306652545928955,
    0.9568328857421875,
    0.9702686667442322,
    0.9679484963417053,
    0.9171289205551147,
    0.990327000617981,
    0.9374351501464844,
    0.9304989576339722,
    0.9503378868103027,
    0.9658820033073425,
    0.9323245882987976,
    0.9138947129249573,
    0.9705043435096741,
    0.9328770041465759,
    0.9423314332962036,
    0.9745888710021973,
    0.9100875854492188,
    0.9142279028892517,
    0.9447879791259766,
    0.9354047775268555,
    0.9468171000480652,
    0.8875159621238708,
    0.8932666778564453,
    0.8819804191589355,
    0.9201522469520569,
    0.9647893309593201,
    0.9137087464332581,
    0.8810832500457764,
    0.9042554497718811,
    0.9644448757171631,
    0.9017506837844849,
    0.9373104572296143,
    0.9502403140068054,
    0.9144240021705627,
    0.9311334490776062,
    0.9685051441192627,
    0.8033869862556458,
    0.8465767502784729,
    0.8641501069068909,
    0.9062217473983765,
    0.8636631965637207,
    0.9394564032554626,
    0.8959999084472656,
    0.864686131477356,
    0.8474883437156677,
    0.8465604186058044,
    0.8396933674812317,
    0.8898667693138123,
    0.8487110733985901,
    0.8264277577400208,
    0.7317657470703125,
    0.9169086813926697,
    0.8559019565582275,
    0.7264602780342102,
    0.8465631604194641,
    0.8440933227539062,
    0.7181954383850098,
    0.8296496272087097,
    0.9093693494796753,
    0.6668701767921448,
    0.7438167333602905,
    0.7825204133987427,
    0.9273146986961365,
    0.9266291260719299,
    0.7902661561965942,
    0.8783806562423706,
    0.7281665802001953,
    0.8641265630722046,
    0.6353594660758972,
    0.9810265302658081,
    0.6700607538223267,
    0.7968903183937073,
    0.7431774139404297,
    0.7224934697151184,
    0.7435840368270874,
    0.8063378930091858,
    0.9572737812995911,
    0.8310745358467102,
    0.6062867045402527,
    0.7196680903434753,
    0.7378015518188477,
    0.7467965483665466,
    0.8098496198654175,
    0.8065476417541504,
    0.6847448945045471,
    0.6931986808776855,
    0.7644661664962769,
    0.6520536541938782,
    0.8441631197929382,
    0.7701669335365295,
    0.7846553325653076,
    0.665734589099884,
    0.6178359389305115,
    0.8161405324935913,
    0.6737279295921326,
    0.6558371186256409,
    0.906558632850647,
    0.656182050704956,
    0.7613573670387268,
    0.5976340770721436,
    0.6869165301322937,
    0.9161262512207031,
    0.6202635765075684,
    0.8126863837242126,
    0.8125669956207275,
    0.5677429437637329,
    0.9376404881477356,
    0.6866479516029358,
    0.5680816769599915,
    0.5618494749069214,
    0.6850258111953735,
    0.7757731676101685,
    0.6307982206344604,
    0.5601333975791931,
    0.5399770736694336,
    0.5088348388671875,
    0.6346133351325989,
    0.7104087471961975,
    0.7243180871009827,
    0.5467211008071899,
    0.7346091866493225,
    0.6784056425094604,
    0.9768226146697998,
    0.5697088837623596,
    0.4904289245605469,
    0.8136199116706848,
    0.5612969994544983,
    0.7250822186470032,
    0.5067272186279297,
    0.7206001281738281,
    0.7619384527206421,
    0.4792748987674713,
    0.9884878396987915,
    0.7578746676445007,
    0.9400128722190857,
    0.611504316329956,
    0.7381887435913086,
    0.7214938998222351,
    0.47445470094680786,
    0.5795527696609497,
    0.8595520853996277,
    0.4528951644897461,
    0.5494394898414612,
    0.6683347821235657,
    0.7205253839492798,
    0.6700969338417053,
    0.40015849471092224,
    0.7089767456054688,
    0.488941490650177,
    0.6717963814735413,
    0.9424868822097778,
    0.4903058111667633,
    0.666851282119751,
    0.6840664148330688,
    0.6202521920204163,
    0.7033936977386475,
    0.5728208422660828,
    0.4867080748081207,
    0.5193080306053162,
    0.6597248315811157,
    0.4867038428783417,
    0.8044241666793823,
    0.5062164664268494,
    0.6527190804481506,
    0.5356442332267761,
    0.36203116178512573,
    0.6203550100326538,
    0.3835096061229706,
    0.45259496569633484,
    0.4385721981525421,
    0.3259454369544983,
    0.7166092395782471,
    0.5506911277770996,
    0.8542587757110596,
    0.7726330757141113,
    0.39351686835289,
    0.35488027334213257,
    0.7223989963531494,
    0.47790586948394775,
    0.42138671875,
    0.4516235589981079,
    0.5200555920600891,
    0.709561824798584,
    0.31713902950286865,
    0.41113945841789246,
    0.3936445713043213,
    0.48679104447364807,
    0.7772195339202881,
    0.5456823110580444,
    0.7721536159515381,
    0.7021776437759399,
    0.5759983062744141,
    0.33042997121810913,
    0.48185795545578003,
    0.4151819348335266,
    0.4723471999168396,
    0.49886754155158997,
    0.3460851311683655,
    0.5903463363647461,
    0.31354978680610657,
    0.328329861164093,
    0.4260750710964203,
    0.45754221081733704,
    0.3964886963367462,
    0.48138466477394104,
    0.43966108560562134,
    0.6026355028152466,
    0.7270315885543823,
    0.9480429887771606,
    0.2617835998535156,
    0.5332311987876892,
    0.3713710606098175,
    0.3495347499847412,
    0.46193188428878784,
    0.35963350534439087,
    0.29470258951187134,
    0.535955548286438,
    0.9603888392448425,
    0.35984429717063904,
    0.4316737651824951,
    0.6181826591491699,
    0.283990740776062,
    0.4586576819419861,
    0.31131088733673096,
    0.762532114982605,
    0.4520338177680969,
    0.6285402774810791,
    0.5772282481193542,
    0.44067302346229553,
    0.8215264678001404,
    0.3361811935901642,
    0.25671449303627014,
    0.8522071242332458,
    0.5399872660636902,
    0.23342353105545044,
    0.28596872091293335,
    0.6807205677032471,
    0.6947429180145264,
    0.30837738513946533,
    0.30583101511001587,
    0.5236262083053589,
    0.30040469765663147,
    0.593937873840332,
    0.2344009131193161,
    0.543287992477417,
    0.49130895733833313,
    0.5343465805053711,
    0.5949000120162964,
