{
  "learned_offsets": {
    "final_loss": 1.780197262763977,
    "avg_last20": 1.8405424535274506,
    "loss_at_steps": {
      "20": 2.4030556678771973,
      "40": 2.3087525367736816,
      "60": 2.0402443408966064,
      "80": 1.9131479263305664,
      "100": 1.780197262763977
    },
    "trainable_params": 171089280
  },
  "fixed_windows": {
    "final_loss": 1.797490119934082,
    "avg_last20": 1.8300715267658234,
    "loss_at_steps": {
      "20": 2.307514190673828,
      "40": 2.234616994857788,
      "60": 1.836055040359497,
      "80": 1.8208839893341064,
      "100": 1.797490119934082
    },
    "trainable_params": 113000704
  }
}