{
  "learned_offsets": {
    "final_loss": 1.2410956621170044,
    "avg_first50": 2.3054304790496825,
    "avg_last50": 1.3144043970108032,
    "improvement_pct": 42.9865958242813,
    "loss_curve": [
      2.3403392314910887,
      2.325173568725586,
      2.314604377746582,
      2.2800325632095335,
      2.2670026540756227,
      2.1989394664764403,
      2.1585745096206663,
      2.0273404479026795,
      1.9974993586540222,
      1.8709848999977112,
      1.7954466342926025,
      1.756367826461792,
      1.7682721257209777,
      1.5993450045585633,
      1.5145341396331786,
      1.3757613182067872,
      1.3709312200546264,
      1.3117123365402221,
      1.292500638961792,
      1.2211164712905884
    ],
    "params": 30961696,
    "trainable": 30961696
  },
  "fixed_windows": {
    "final_loss": 1.3702397346496582,
    "avg_first50": 2.07450745344162,
    "avg_last50": 1.3413603806495666,
    "improvement_pct": 35.34077795554593,
    "loss_curve": [
      2.287129044532776,
      2.168768286705017,
      2.09412966966629,
      1.8992709279060365,
      1.9232393383979798,
      1.7968907237052918,
      1.7682510614395142,
      1.6642127513885498,
      1.694993829727173,
      1.5931939840316773,
      1.5154033184051514,
      1.4662248373031617,
      1.5524972796440124,
      1.4201784491539002,
      1.4146646499633788,
      1.3905304551124573,
      1.3376119017601014,
      1.3393750667572022,
      1.325715458393097,
      1.3135690212249755
    ],
    "params": 30961696,
    "trainable": 23664896
  },
  "swin_baseline": {
    "final_loss": 2.31097412109375,
    "avg_first50": 1.3116504812240601,
    "avg_last50": 3.3747428393363954,
    "improvement_pct": -157.28979538718377,
    "loss_curve": [
      1.347198450565338,
      1.3430089831352234,
      1.30476416349411,
      1.2257535338401795,
      1.3375272750854492,
      1.4184834957122803,
      1.454172432422638,
      1.4621580958366394,
      1.4358820080757142,
      1.3966994881629944,
      1.3817113041877747,
      1.417486047744751,
      1.474809193611145,
      1.5605394840240479,
      7.658856630325317,
      8.15932983160019,
      1.9162801504135132,
      2.1183199644088746,
      2.3026262760162353,
      2.377157974243164
    ],
    "params": 23361792,
    "trainable": 23361792
  }
}