{
  "async": {
    "avg_step_time": 1.533801233067232,
    "step_times": [
      1.5289666652679443,
      1.5261197090148926,
      1.5288784503936768,
      1.5288639068603516,
      1.5261893272399902,
      1.5325589179992676,
      1.5326590538024902,
      1.5338335037231445,
      1.5324699878692627,
      1.533682107925415,
      1.5360743999481201,
      1.5339148044586182,
      1.5363693237304688,
      1.5391292572021484,
      1.537971019744873,
      1.540930986404419,
      1.5460095405578613
    ]
  },
  "sync": {
    "avg_step_time": 1.618964994654936,
    "step_times": [
      1.6183433532714844,
      1.614865779876709,
      1.6184914112091064,
      1.6178674697875977,
      1.6189477443695068,
      1.6115577220916748,
      1.6142942905426025,
      1.6192677021026611,
      1.6224839687347412,
      1.6192882061004639,
      1.617138147354126,
      1.6178998947143555,
      1.6227102279663086,
      1.628408670425415,
      1.621574878692627,
      1.620149850845337,
      1.6191155910491943
    ]
  }
}