{
  "MegaSlide-DiT": {
    "params": 998618752,
    "avg_step_time": 5.5110261493259,
    "final_loss": 2.4725074768066406,
    "peak_mem_gb": 23.030254592,
    "loss_curve": [
      2.7859702110290527,
      2.6131069660186768,
      2.6269514560699463,
      2.5414602756500244,
      2.525186538696289
    ]
  },
  "Dense3DDiT": {
    "params": 647307520,
    "avg_step_time": 1.95238143603007,
    "final_loss": 1.0999929904937744,
    "peak_mem_gb": 11.992572416,
    "loss_curve": [
      1.331618309020996,
      1.3029446601867676,
      1.2351163625717163,
      1.199925184249878,
      1.1232765913009644
    ]
  },
  "SwinDiT": {
    "params": 647307520,
    "avg_step_time": 1.448539506064521,
    "final_loss": 1.3071106672286987,
    "peak_mem_gb": 4.947652608,
    "loss_curve": [
      1.001495361328125,
      1.3255709409713745,
      1.4086320400238037,
      1.435408115386963,
      1.300039529800415
    ]
  }
}